City_ID,City,Country,Date,Lat,Lng,Max Temp,Humidity,Cloudiness,Wind Speed,Description,Rain Inches (last 3 hrs),Snow Inches (last 3 hrs)
0,Ponta Do Sol,PT,2020-02-23 23:21:39,32.67,-17.1,69.01,48,20,16.11,few clouds,0,0.0
1,Punta Arenas,CL,2020-02-23 23:18:25,-53.15,-70.92,50.0,87,90,29.97,light intensity shower rain,0,0.0
2,Atuona,PF,2020-02-23 23:22:44,-9.8,-139.03,81.54,77,13,12.01,few clouds,0,0.0
3,Hirara,JP,2020-02-23 23:22:44,24.8,125.28,66.2,82,75,4.7,broken clouds,0,0.0
4,Jacareacanga,BR,2020-02-23 23:22:44,-6.22,-57.75,74.57,91,100,1.99,overcast clouds,0,0.0
5,Pyshchug,RU,2020-02-23 23:22:44,58.89,45.71,30.45,94,100,10.71,light snow,0,0.25
6,Ushuaia,AR,2020-02-23 23:22:44,-54.8,-68.3,44.6,87,75,23.04,moderate rain,0,0.0
7,Hongjiang,CN,2020-02-23 23:22:44,27.11,110.0,57.72,85,13,3.85,few clouds,0,0.0
8,Maamba,ZM,2020-02-23 23:22:45,-17.37,27.15,69.8,96,100,3.29,moderate rain,0,0.0
9,Alugan,PH,2020-02-23 23:22:45,12.22,125.48,79.9,78,5,15.82,light rain,0,0.0
10,Coihaique,CL,2020-02-23 23:22:45,-45.58,-72.07,59.0,47,75,8.05,broken clouds,0,0.0
11,Dalianwan,CN,2020-02-23 23:22:45,39.03,121.69,33.8,78,51,2.84,mist,0,0.0
12,Hilo,US,2020-02-23 23:19:28,19.73,-155.09,80.6,61,1,17.22,clear sky,0,0.0
13,Kahului,US,2020-02-23 23:22:45,20.89,-156.47,82.4,54,20,10.29,few clouds,0,0.0
14,Sangar,RU,2020-02-23 23:22:45,63.92,127.47,-15.92,99,100,0.36,overcast clouds,0,0.0
15,Sola,VU,2020-02-23 23:22:45,-13.88,167.55,89.6,70,75,5.82,broken clouds,0,0.0
16,Altamira,BR,2020-02-23 23:22:45,-3.2,-52.21,75.58,97,100,1.41,light rain,0,0.0
17,Borogontsy,RU,2020-02-23 23:22:45,62.67,131.17,-4.99,98,98,1.99,light snow,0,0.19
18,Riyadh,SA,2020-02-23 23:22:45,24.69,46.72,68.0,64,100,4.7,overcast clouds,0,0.0
19,Dikson,RU,2020-02-23 23:22:45,73.51,80.55,24.82,91,100,27.54,light snow,0,0.25
20,Port Elizabeth,ZA,2020-02-23 23:20:04,-33.92,25.57,53.6,87,5,2.24,clear sky,0,0.0
21,Sao Filipe,CV,2020-02-23 23:22:45,14.9,-24.5,67.91,82,13,9.89,few clouds,0,0.0
22,New Norfolk,AU,2020-02-23 23:22:45,-42.78,147.06,64.99,72,75,5.82,broken clouds,0,0.0
23,Kapaa,US,2020-02-23 23:21:25,22.08,-159.32,80.6,57,1,10.29,clear sky,0,0.0
24,Mindelo,CV,2020-02-23 23:22:45,16.89,-24.98,68.0,68,20,9.17,few clouds,0,0.0
25,Yellowknife,CA,2020-02-23 23:21:40,62.46,-114.35,-2.0,64,20,5.82,few clouds,0,0.0
26,Balkanabat,TM,2020-02-23 23:22:46,39.51,54.37,47.43,69,55,5.82,broken clouds,0,0.0
27,Avarua,CK,2020-02-23 23:19:43,-21.21,-159.78,78.8,100,100,4.7,heavy intensity rain,0,0.0
28,Hithadhoo,MV,2020-02-23 23:22:46,-0.6,73.08,83.64,77,95,14.9,overcast clouds,0,0.0
29,Rikitea,PF,2020-02-23 23:22:46,-23.12,-134.97,80.26,67,3,7.27,light rain,0,0.0
30,Kavieng,PG,2020-02-23 23:22:46,-2.57,150.8,84.42,68,13,7.05,few clouds,0,0.0
31,Naica,MX,2020-02-23 23:22:46,27.85,-105.48,75.16,14,100,22.57,overcast clouds,0,0.0
32,Arraial Do Cabo,BR,2020-02-23 23:22:46,-22.97,-42.03,75.99,68,100,9.28,overcast clouds,0,0.0
33,Van Buren,US,2020-02-23 23:22:46,35.44,-94.35,50.0,100,90,8.05,light rain,0,0.0
34,Morant Bay,JM,2020-02-23 23:22:46,17.88,-76.41,80.6,74,75,9.17,light rain,0,0.0
35,Kaeo,NZ,2020-02-23 23:22:46,-35.1,173.78,84.99,58,0,1.99,clear sky,0,0.0
36,Miandrivazo,MG,2020-02-23 23:22:46,-19.52,45.47,76.48,88,75,2.46,moderate rain,0,0.0
37,Isiro,CD,2020-02-23 23:22:46,2.77,27.62,71.62,60,7,2.13,clear sky,0,0.0
38,Ust-Tsilma,RU,2020-02-23 23:22:46,65.44,52.15,27.28,84,100,12.41,overcast clouds,0,0.0
39,Lompoc,US,2020-02-23 23:22:46,34.64,-120.46,64.99,67,1,16.11,clear sky,0,0.0
40,Busselton,AU,2020-02-23 23:22:46,-33.65,115.33,71.01,47,50,17.29,scattered clouds,0,0.0
41,Barranca,PE,2020-02-23 23:22:46,-10.75,-77.77,73.9,88,0,9.82,clear sky,0,0.0
42,Thompson,CA,2020-02-23 23:22:46,55.74,-97.86,15.8,72,90,5.82,overcast clouds,0,0.0
43,Ottawa,CA,2020-02-23 23:17:57,45.41,-75.7,39.2,55,20,11.41,few clouds,0,0.0
44,Saint-Philippe,RE,2020-02-23 23:22:47,-21.36,55.77,75.2,69,6,5.82,clear sky,0,0.0
45,Puerto Baquerizo Moreno,EC,2020-02-23 23:22:47,-0.9,-89.6,82.4,83,40,6.93,scattered clouds,0,0.0
46,Mataura,NZ,2020-02-23 23:22:47,-46.19,168.86,66.99,57,89,7.0,overcast clouds,0,0.0
47,Taltal,CL,2020-02-23 23:22:47,-25.4,-70.48,62.89,85,6,3.31,clear sky,0,0.0
48,East London,ZA,2020-02-23 23:22:47,-33.02,27.91,65.52,62,72,3.02,broken clouds,0,0.0
49,Shenavan,AM,2020-02-23 23:22:47,40.05,43.93,35.6,58,4,2.24,mist,0,0.0
50,Flinders,AU,2020-02-23 23:22:47,-34.58,150.86,78.01,57,18,8.05,few clouds,0,0.0
51,Tuatapere,NZ,2020-02-23 23:22:47,-46.13,167.68,66.99,57,69,7.0,broken clouds,0,0.0
52,Bengkulu,ID,2020-02-23 23:22:47,-3.8,102.27,74.61,86,2,4.76,clear sky,0,0.0
53,Bethel,US,2020-02-23 23:22:14,41.37,-73.41,48.2,35,1,5.06,clear sky,0,0.0
54,Cap-Aux-Meules,CA,2020-02-23 23:22:47,47.38,-61.86,32.0,92,20,12.75,few clouds,0,0.0
55,Tubuala,PA,2020-02-23 23:22:47,9.52,-79.03,84.2,45,20,13.87,few clouds,0,0.0
56,Srednekolymsk,RU,2020-02-23 23:22:47,67.45,153.68,-19.12,96,83,1.7,broken clouds,0,0.0
57,Hermanus,ZA,2020-02-23 23:22:47,-34.42,19.23,64.99,73,0,11.01,clear sky,0,0.0
58,Manggar,ID,2020-02-23 23:22:47,-2.88,108.27,82.65,79,54,16.82,moderate rain,0,0.0
59,Vila Velha,BR,2020-02-23 23:22:47,-20.33,-40.29,77.0,69,90,6.93,overcast clouds,0,0.0
60,Catamarca,AR,2020-02-23 23:22:47,-28.47,-65.79,57.99,85,26,1.01,scattered clouds,0,0.0
61,Funadhoo,MV,2020-02-23 23:22:48,6.15,73.27,83.23,78,31,16.69,light rain,0,0.0
62,Slyudyanka,RU,2020-02-23 23:22:48,51.66,103.71,3.25,90,100,2.66,overcast clouds,0,0.0
63,Pandan,PH,2020-02-23 23:22:48,14.05,124.17,79.84,80,32,11.18,scattered clouds,0,0.0
64,Santona,ES,2020-02-23 23:22:48,43.44,-3.46,50.0,93,90,3.36,mist,0,0.0
65,Acoyapa,NI,2020-02-23 23:22:48,11.97,-85.17,84.2,58,40,4.7,scattered clouds,0,0.0
66,Iqaluit,CA,2020-02-23 23:22:48,63.75,-68.51,-25.01,60,20,10.29,few clouds,0,0.0
67,Lipari,IT,2020-02-23 23:22:48,38.47,14.95,57.2,87,40,4.7,scattered clouds,0,0.0
68,Torbay,CA,2020-02-23 23:22:48,47.67,-52.73,30.99,79,20,18.34,few clouds,0,0.0
69,Newport,GB,2020-02-23 23:21:07,51.59,-3.0,46.0,87,75,4.7,broken clouds,0,0.0
70,Jalingo,NG,2020-02-23 23:21:48,8.88,11.37,77.56,13,0,10.36,clear sky,0,0.0
71,Aberdeen,GB,2020-02-23 23:22:04,57.14,-2.1,37.4,74,52,9.17,broken clouds,0,0.0
72,Kieta,PG,2020-02-23 23:22:48,-6.22,155.63,84.97,66,21,5.12,light rain,0,0.0
73,Teguldet,RU,2020-02-23 23:22:48,57.31,88.17,7.47,96,90,2.1,overcast clouds,0,0.0
74,Mahebourg,MU,2020-02-23 23:22:48,-20.41,57.7,73.99,94,20,4.7,few clouds,0,0.0
75,Abashiri,JP,2020-02-23 23:22:48,44.02,144.27,28.4,50,75,10.29,broken clouds,0,0.0
76,Puerto Ayora,EC,2020-02-23 23:22:48,-0.74,-90.35,82.4,78,75,10.29,broken clouds,0,0.0
77,Laiwu,CN,2020-02-23 23:22:49,36.19,117.66,47.3,75,100,7.0,overcast clouds,0,0.0
78,Mogadishu,SO,2020-02-23 23:22:49,2.04,45.34,79.93,81,20,25.08,few clouds,0,0.0
79,Cape Town,ZA,2020-02-23 23:21:54,-33.93,18.42,66.0,67,0,16.11,clear sky,0,0.0
80,Jiangyou,CN,2020-02-23 23:22:49,31.77,104.72,35.38,94,19,2.93,few clouds,0,0.0
81,Praia Da Vitoria,PT,2020-02-23 23:22:49,38.73,-27.07,59.0,82,40,7.58,scattered clouds,0,0.0
82,Norman Wells,CA,2020-02-23 23:22:49,65.28,-126.83,8.6,65,75,6.93,light snow,0,0.0
83,Esperance,AU,2020-02-23 23:22:49,-33.87,121.9,66.2,88,75,12.75,broken clouds,0,0.0
84,Mar Del Plata,AR,2020-02-23 23:20:16,-38.0,-57.56,71.01,68,0,6.93,clear sky,0,0.0
85,Aksu,CN,2020-02-23 23:22:49,41.12,80.26,35.24,47,98,2.51,overcast clouds,0,0.0
86,Meulaboh,ID,2020-02-23 23:22:49,4.14,96.13,80.35,79,2,7.25,clear sky,0,0.0
87,Manokwari,ID,2020-02-23 23:22:49,-0.87,134.08,79.07,70,100,2.42,overcast clouds,0,0.0
88,Shache,CN,2020-02-23 23:22:49,38.42,77.24,38.1,44,98,4.27,overcast clouds,0,0.0
89,Barcelos,PT,2020-02-23 23:22:49,41.54,-8.62,55.0,100,20,2.77,fog,0,0.0
90,Qarchi Gak,AF,2020-02-23 23:22:49,37.04,66.79,60.8,66,75,6.93,broken clouds,0,0.0
91,Fare,PF,2020-02-23 23:22:49,-16.7,-151.02,83.1,73,46,12.95,scattered clouds,0,0.0
92,Jamestown,US,2020-02-23 23:22:49,42.1,-79.24,48.2,28,1,11.41,clear sky,0,0.0
93,Monte Alegre,BR,2020-02-23 23:22:49,-2.01,-54.07,78.19,88,90,2.73,overcast clouds,0,0.0
94,Sapulpa,US,2020-02-23 23:22:50,36.0,-96.11,52.0,87,90,5.82,light rain,0,0.0
95,Nata,PA,2020-02-23 23:22:50,8.33,-80.52,77.0,33,70,5.99,broken clouds,0,0.0
96,Tasiilaq,GL,2020-02-23 23:22:15,65.61,-37.64,12.2,61,72,11.41,broken clouds,0,0.0
97,Natal,BR,2020-02-23 23:22:50,-5.79,-35.21,82.4,78,20,11.41,few clouds,0,0.0
98,Buin,CL,2020-02-23 23:22:50,-33.73,-70.75,78.8,34,0,4.7,clear sky,0,0.0
99,San Patricio,MX,2020-02-23 23:22:50,19.22,-104.7,82.4,78,20,11.41,few clouds,0,0.0
100,Mugur-Aksy,RU,2020-02-23 23:22:50,50.35,90.5,3.09,97,100,3.15,light snow,0,0.19
101,Qaanaaq,GL,2020-02-23 23:22:50,77.48,-69.36,-19.88,64,0,6.44,clear sky,0,0.0
102,Takaka,NZ,2020-02-23 23:20:52,-40.85,172.8,78.01,75,7,5.99,clear sky,0,0.0
103,Te Anau,NZ,2020-02-23 23:22:50,-45.42,167.72,60.03,60,1,5.95,clear sky,0,0.0
104,Vaini,TO,2020-02-23 23:22:50,-21.2,-175.2,82.4,88,75,10.29,light intensity shower rain,0,0.0
105,Yashkul,RU,2020-02-23 23:22:50,46.17,45.34,38.43,85,88,9.17,overcast clouds,0,0.0
106,Chuy,UY,2020-02-23 23:22:50,-33.7,-53.46,65.05,72,14,10.65,few clouds,0,0.0
107,Carnarvon,AU,2020-02-23 23:22:50,-24.87,113.63,73.4,88,0,4.7,clear sky,0,0.0
108,Severo-Kurilsk,RU,2020-02-23 23:22:50,50.68,156.12,25.81,96,100,39.35,snow,0,2.31
109,Ribeira Grande,PT,2020-02-23 23:22:50,38.52,-28.7,56.32,83,39,7.67,scattered clouds,0,0.0
110,Bluff,NZ,2020-02-23 23:22:51,-46.6,168.33,66.99,57,70,7.0,broken clouds,0,0.0
111,Zaltan,LY,2020-02-23 23:22:51,32.95,11.87,56.93,67,0,6.11,clear sky,0,0.0
112,Sharon,US,2020-02-23 23:22:51,41.23,-80.49,48.2,31,90,4.7,overcast clouds,0,0.0
113,Takoradi,GH,2020-02-23 23:22:51,4.88,-1.76,78.89,92,91,3.06,overcast clouds,0,0.0
114,Azul,AR,2020-02-23 23:22:51,-36.78,-59.86,66.88,33,0,8.32,clear sky,0,0.0
115,Sao Joao Da Barra,BR,2020-02-23 23:22:51,-21.64,-41.05,75.2,78,100,6.53,overcast clouds,0,0.0
116,Yulara,AU,2020-02-23 23:22:51,-25.24,130.99,82.4,23,0,12.75,clear sky,0,0.0
117,Ferme-Neuve,CA,2020-02-23 23:22:51,46.7,-75.45,32.99,94,100,7.45,overcast clouds,0,0.0
118,Naryan-Mar,RU,2020-02-23 23:22:51,67.67,53.09,28.99,85,91,26.73,overcast clouds,0,0.0
119,Victoria,HK,2020-02-23 23:22:04,22.29,114.16,66.99,72,20,18.34,few clouds,0,0.0
120,Bredasdorp,ZA,2020-02-23 23:22:51,-34.53,20.04,62.01,76,1,4.7,clear sky,0,0.0
121,Yarada,IN,2020-02-23 23:22:51,17.65,83.27,66.2,93,20,2.24,mist,0,0.0
122,Kodiak,US,2020-02-23 23:22:51,57.79,-152.41,26.6,35,1,12.75,clear sky,0,0.0
123,Sibolga,ID,2020-02-23 23:22:51,1.74,98.78,71.17,89,13,4.12,few clouds,0,0.0
124,Hobart,AU,2020-02-23 23:22:51,-42.88,147.33,64.99,72,75,5.82,broken clouds,0,0.0
125,Kenai,US,2020-02-23 23:22:51,60.55,-151.26,23.0,52,1,6.2,clear sky,0,0.0
126,Upernavik,GL,2020-02-23 23:21:53,72.79,-56.15,-19.39,85,0,4.65,clear sky,0,0.0
127,Albany,US,2020-02-23 23:18:40,42.6,-73.97,44.6,33,40,3.36,scattered clouds,0,0.0
128,Seydi,TM,2020-02-23 23:22:52,39.48,62.91,44.44,71,0,4.43,clear sky,0,0.0
129,Aklavik,CA,2020-02-23 23:22:52,68.22,-135.01,-4.0,76,90,5.82,light snow,0,0.0
130,Souillac,MU,2020-02-23 23:22:52,-20.52,57.52,73.99,94,20,4.7,few clouds,0,0.0
131,Chokurdakh,RU,2020-02-23 23:22:52,70.63,147.92,-21.73,98,83,3.02,broken clouds,0,0.0
132,Upata,VE,2020-02-23 23:22:52,8.01,-62.4,76.08,80,94,6.62,light rain,0,0.0
133,Humaita,BR,2020-02-23 23:22:52,-7.51,-63.02,75.2,94,100,1.54,overcast clouds,0,0.0
134,Tuktoyaktuk,CA,2020-02-23 23:22:52,69.45,-133.04,-5.8,76,75,13.87,light snow,0,0.0
135,Benito Juarez,MX,2020-02-23 23:22:51,19.39,-99.17,89.6,21,20,4.7,few clouds,0,0.0
136,Provideniya,RU,2020-02-23 23:22:52,64.38,-173.3,-1.77,69,0,0.92,clear sky,0,0.0
137,Poienile De Sub Munte,RO,2020-02-23 23:22:52,47.82,24.43,32.95,98,100,12.24,snow,0,7.31
138,Akot,IN,2020-02-23 23:22:52,21.1,77.06,69.96,30,62,3.87,broken clouds,0,0.0
139,Kununurra,AU,2020-02-23 23:22:52,-15.77,128.73,86.0,62,39,3.36,scattered clouds,0,0.0
140,Zemio,CF,2020-02-23 23:22:52,5.03,25.14,66.52,26,17,1.45,few clouds,0,0.0
141,Cheney,US,2020-02-23 23:22:52,47.49,-117.58,45.0,56,75,29.97,broken clouds,0,0.0
142,Panzhihua,CN,2020-02-23 23:22:52,26.59,101.71,46.33,86,15,1.54,few clouds,0,0.0
143,Irun,ES,2020-02-23 23:18:23,43.34,-1.79,51.01,93,90,2.24,overcast clouds,0,0.0
144,Lebu,CL,2020-02-23 23:22:53,-37.62,-73.65,57.33,79,4,7.07,clear sky,0,0.0
145,El Espinal,MX,2020-02-23 23:22:53,16.33,-94.07,75.04,58,0,1.72,clear sky,0,0.0
146,Ahlat,TR,2020-02-23 23:22:53,38.75,42.48,28.4,96,56,1.45,light snow,0,0.25
147,Nizhnyaya Tavda,RU,2020-02-23 23:22:53,57.67,66.17,14.31,95,87,8.21,overcast clouds,0,0.0
148,Kokstad,ZA,2020-02-23 23:22:53,-30.55,29.42,48.87,93,100,2.26,overcast clouds,0,0.0
149,Port-Gentil,GA,2020-02-23 23:22:53,-0.72,8.78,80.6,94,20,3.36,few clouds,0,0.0
150,Tougue,GN,2020-02-23 23:22:53,11.47,-11.6,79.07,18,71,4.18,broken clouds,0,0.0
151,Barrow,US,2020-02-23 23:19:44,71.29,-156.79,-22.0,67,1,13.87,clear sky,0,0.0
152,Bathsheba,BB,2020-02-23 23:22:53,13.22,-59.52,78.8,83,40,13.87,scattered clouds,0,0.0
153,Nikolskoye,RU,2020-02-23 23:22:18,59.7,30.79,36.0,95,90,8.95,light intensity shower rain,0,0.0
154,Half Moon Bay,US,2020-02-23 23:22:53,37.46,-122.43,66.2,71,40,20.8,scattered clouds,0,0.0
155,Conceicao Do Araguaia,BR,2020-02-23 23:22:53,-8.26,-49.26,75.6,93,100,1.72,light rain,0,0.0
156,Butaritari,KI,2020-02-23 23:22:53,3.07,172.79,85.08,74,55,14.45,moderate rain,0,0.0
157,Honiara,SB,2020-02-23 23:21:29,-9.43,159.95,86.0,74,20,2.24,few clouds,0,0.0
158,Broken Hill,AU,2020-02-23 23:22:53,-31.95,141.43,73.4,60,22,11.41,few clouds,0,0.0
159,Obregon,NI,2020-02-23 23:20:47,11.96,-85.96,87.8,52,24,13.87,few clouds,0,0.0
160,Kholmogory,RU,2020-02-23 23:22:53,64.22,41.66,33.8,92,90,8.95,overcast clouds,0,0.0
161,Luena,AO,2020-02-23 23:22:53,-11.78,19.92,65.53,94,100,4.99,light rain,0,0.0
162,Leningradskiy,RU,2020-02-23 23:21:50,69.38,178.42,-12.75,73,100,5.48,overcast clouds,0,0.0
163,College,US,2020-02-23 23:22:06,64.86,-147.8,0.0,70,40,4.7,scattered clouds,0,0.0
164,Insar,RU,2020-02-23 23:22:53,53.87,44.37,29.66,97,100,10.58,light snow,0,0.94
165,Cherskiy,RU,2020-02-23 23:22:54,68.75,161.3,-22.07,87,48,4.94,scattered clouds,0,0.0
166,Nanortalik,GL,2020-02-23 23:22:54,60.14,-45.24,26.91,87,100,4.5,light snow,0,0.81
167,Dunedin,NZ,2020-02-23 23:22:54,-45.87,170.5,72.0,51,72,1.99,broken clouds,0,0.0
168,Hasaki,JP,2020-02-23 23:22:54,35.73,140.83,45.0,52,20,2.24,few clouds,0,0.0
169,Lavrentiya,RU,2020-02-23 23:22:54,65.58,-171.0,-5.19,77,0,5.19,clear sky,0,0.0
170,Georgetown,MY,2020-02-23 23:20:49,5.41,100.34,78.8,74,20,5.82,few clouds,0,0.0
171,Castro,BR,2020-02-23 23:21:44,-24.79,-50.01,60.84,86,87,8.93,overcast clouds,0,0.0
172,Vostok,RU,2020-02-23 23:22:54,46.49,135.88,15.69,86,100,1.92,overcast clouds,0,0.0
173,Saskylakh,RU,2020-02-23 23:22:54,71.92,114.08,6.1,92,98,8.97,overcast clouds,0,0.0
174,Comodoro Rivadavia,AR,2020-02-23 23:20:16,-45.87,-67.5,60.8,77,27,9.17,scattered clouds,0,0.0
175,Touros,BR,2020-02-23 23:22:54,-5.2,-35.46,80.6,88,20,9.17,few clouds,0,0.0
176,Port Alfred,ZA,2020-02-23 23:21:51,-33.59,26.89,59.0,83,31,3.0,scattered clouds,0,0.0
177,Merauke,ID,2020-02-23 23:22:54,-8.47,140.33,83.01,83,100,8.79,light rain,0,0.0
178,Hornepayne,CA,2020-02-23 23:22:54,49.21,-84.77,29.3,96,100,8.23,light snow,0,0.38
179,Namibe,AO,2020-02-23 23:22:54,-15.2,12.15,73.51,81,100,8.1,overcast clouds,0,0.0
180,Ambon,ID,2020-02-23 23:22:54,-3.7,128.18,84.2,70,40,10.29,scattered clouds,0,0.0
181,Anadyr,RU,2020-02-23 23:22:54,64.75,177.48,-16.01,75,0,2.24,clear sky,0,0.0
182,Cacoal,BR,2020-02-23 23:22:54,-11.44,-61.45,69.8,99,100,0.89,light rain,0,0.0
183,Khatanga,RU,2020-02-23 23:22:54,71.97,102.5,16.79,92,96,16.58,light snow,0,0.25
184,Havelock,US,2020-02-23 23:22:55,34.88,-76.9,53.6,34,1,4.7,clear sky,0,0.0
185,Acarau,BR,2020-02-23 23:22:43,-2.89,-40.12,80.6,94,22,6.93,few clouds,0,0.0
186,Clarence Town,AU,2020-02-23 23:22:55,-32.58,151.78,75.99,78,75,3.36,shower rain,0,0.0
187,Tila,MX,2020-02-23 23:22:55,17.4,-92.48,78.8,65,40,2.66,scattered clouds,0,0.0
188,Afua,BR,2020-02-23 23:22:55,-0.16,-50.39,78.13,90,77,7.0,broken clouds,0,0.0
189,Kaitangata,NZ,2020-02-23 23:22:09,-46.28,169.85,72.0,54,98,5.99,overcast clouds,0,0.0
190,Narsaq,GL,2020-02-23 23:22:55,60.92,-46.05,23.0,62,100,14.99,light snow,0,0.0
191,Soyo,AO,2020-02-23 23:22:55,-6.13,12.37,79.86,85,96,1.43,overcast clouds,0,0.0
192,Pevek,RU,2020-02-23 23:22:55,69.7,170.31,-14.64,99,100,9.55,overcast clouds,0,0.0
193,Pyu,MM,2020-02-23 23:22:55,18.48,96.43,65.82,55,0,6.04,clear sky,0,0.0
194,Cockburn Town,TC,2020-02-23 23:22:55,21.46,-71.14,75.2,64,75,16.11,broken clouds,0,0.0
195,Ahipara,NZ,2020-02-23 23:21:58,-35.17,173.17,84.99,58,0,1.99,clear sky,0,0.0
196,Bafq,IR,2020-02-23 23:22:55,31.61,55.41,52.9,35,33,3.44,scattered clouds,0,0.0
197,Waitati,NZ,2020-02-23 23:22:55,-45.75,170.57,72.0,51,72,1.99,broken clouds,0,0.0
198,Songjianghe,CN,2020-02-23 23:22:55,42.19,127.48,23.95,93,91,5.26,light snow,0,0.12
199,Havoysund,NO,2020-02-23 23:22:55,71.0,24.66,33.8,86,75,14.99,shower rain,0,0.0
200,Bilibino,RU,2020-02-23 23:22:56,68.05,166.44,-22.88,91,21,2.28,few clouds,0,0.0
201,Kuvandyk,RU,2020-02-23 23:22:56,51.48,57.36,16.99,94,100,8.95,overcast clouds,0,0.0
202,Chapais,CA,2020-02-23 23:22:56,49.78,-74.85,30.2,80,90,8.05,overcast clouds,0,0.0
203,Imperatriz,BR,2020-02-23 23:22:56,-5.53,-47.49,71.98,92,76,1.36,broken clouds,0,0.0
204,Trinidad,BO,2020-02-23 23:22:56,-14.83,-64.9,77.0,78,75,0.81,broken clouds,0,0.0
205,Sitka,US,2020-02-23 23:22:56,57.05,-135.33,33.8,74,90,11.41,light rain,0,0.0
206,Lagoa,PT,2020-02-23 23:22:56,39.05,-27.98,60.19,80,48,11.79,scattered clouds,0,0.0
207,Kalabo,ZM,2020-02-23 23:22:56,-14.97,22.68,69.42,90,100,2.82,light rain,0,0.0
208,Baniachang,BD,2020-02-23 23:22:56,24.52,91.37,60.69,57,1,2.39,clear sky,0,0.0
209,Lorengau,PG,2020-02-23 23:22:56,-2.02,147.27,83.03,72,55,3.33,broken clouds,0,0.0
210,Coquimbo,CL,2020-02-23 23:19:01,-29.95,-71.34,64.4,72,20,12.75,few clouds,0,0.0
211,Fort Nelson,CA,2020-02-23 23:22:56,58.81,-122.7,30.2,46,40,5.82,scattered clouds,0,0.0
212,Waslala,NI,2020-02-23 23:22:56,13.23,-85.38,75.2,60,40,3.04,scattered clouds,0,0.0
213,Saint George,US,2020-02-23 23:22:42,37.1,-113.58,59.0,51,1,12.75,clear sky,0,0.0
214,Santa Isabel Do Rio Negro,BR,2020-02-23 23:22:56,-0.41,-65.02,81.05,74,88,1.25,overcast clouds,0,0.0
215,Tarbagatay,RU,2020-02-23 23:22:56,51.48,107.36,-9.4,76,2,2.24,mist,0,0.0
216,Tankhoy,RU,2020-02-23 23:22:56,51.55,105.13,10.31,90,100,2.37,overcast clouds,0,0.0
217,Mayo,US,2020-02-23 23:22:12,38.89,-76.51,53.01,34,1,5.82,clear sky,0,0.0
218,Behbahan,IR,2020-02-23 23:22:56,30.6,50.24,55.4,71,92,4.14,overcast clouds,0,0.0
219,Gobo,JP,2020-02-23 23:22:56,33.88,135.15,46.4,52,20,4.7,few clouds,0,0.0
220,Turukhansk,RU,2020-02-23 23:22:56,65.82,87.98,14.11,94,100,12.71,light snow,0,0.63
221,Hondo,JP,2020-02-23 23:22:57,32.45,130.2,41.0,75,7,3.36,clear sky,0,0.0
222,Solnechnyy,RU,2020-02-23 23:22:57,50.72,136.63,9.34,88,24,1.86,few clouds,0,0.0
223,Tiksi,RU,2020-02-23 23:22:57,71.69,128.87,-6.27,85,100,7.61,overcast clouds,0,0.0
224,Asau,RO,2020-02-23 23:22:57,46.43,26.4,54.0,54,40,13.87,scattered clouds,0,0.0
225,Saldanha,ZA,2020-02-23 23:22:19,-33.01,17.94,66.2,52,0,3.36,clear sky,0,0.0
226,Nazca,PE,2020-02-23 23:22:57,-14.83,-74.95,74.5,72,100,5.06,light rain,0,0.0
227,Ponta Delgada,PT,2020-02-23 23:22:57,37.73,-25.67,57.2,87,40,2.24,scattered clouds,0,0.0
228,Ulladulla,AU,2020-02-23 23:22:57,-35.35,150.47,77.0,57,7,8.05,clear sky,0,0.0
229,Batagay-Alyta,RU,2020-02-23 23:22:57,67.8,130.41,-17.99,69,38,4.83,scattered clouds,0,0.0
230,Luderitz,NA,2020-02-23 23:22:57,-26.65,15.16,69.26,62,0,16.4,clear sky,0,0.0
231,Carnot,CF,2020-02-23 23:22:57,4.94,15.87,72.63,24,27,3.8,scattered clouds,0,0.0
232,Inta,RU,2020-02-23 23:22:57,66.03,60.17,25.95,83,100,13.09,overcast clouds,0,0.0
233,Cozumel,MX,2020-02-23 23:20:02,20.51,-86.95,78.8,69,40,12.75,scattered clouds,0,0.0
234,Sokolo,ML,2020-02-23 23:22:57,14.73,-6.12,81.23,12,12,12.5,few clouds,0,0.0
235,Vila,PT,2020-02-23 23:22:57,42.03,-8.16,55.99,81,0,2.55,clear sky,0,0.0
236,San Quintin,MX,2020-02-23 23:22:57,30.48,-115.95,58.93,74,0,19.01,clear sky,0,0.0
237,Tabou,CI,2020-02-23 23:22:58,4.42,-7.35,78.4,94,88,3.49,overcast clouds,0,0.0
238,Cap Malheureux,MU,2020-02-23 23:22:58,-19.98,57.61,73.99,94,20,4.7,few clouds,0,0.0
239,Tessalit,ML,2020-02-23 23:22:58,20.2,1.01,71.01,16,2,13.15,clear sky,0,0.0
240,Poum,NC,2020-02-23 23:22:58,-20.23,164.02,80.44,79,34,21.36,scattered clouds,0,0.0
241,Huarmey,PE,2020-02-23 23:22:58,-10.07,-78.15,76.15,62,87,3.74,overcast clouds,0,0.0
242,Walvis Bay,NA,2020-02-23 23:20:50,-22.96,14.51,64.0,93,6,6.93,clear sky,0,0.0
243,Ndele,CF,2020-02-23 23:22:58,8.41,20.65,74.26,17,0,4.88,clear sky,0,0.0
244,Sept-Iles,CA,2020-02-23 23:21:41,50.2,-66.38,30.0,92,75,4.7,broken clouds,0,0.0
245,Laramie,US,2020-02-23 23:22:27,41.31,-105.59,41.0,51,1,9.17,clear sky,0,0.0
246,Matinhos,BR,2020-02-23 23:22:58,-25.82,-48.54,73.4,68,40,9.17,scattered clouds,0,0.0
247,Creteni,RO,2020-02-23 23:22:58,44.68,24.18,50.0,39,95,13.87,overcast clouds,0,0.0
248,Grindavik,IS,2020-02-23 23:22:58,63.84,-22.43,32.0,96,75,4.7,light shower snow,0,0.0
249,Laiyang,CN,2020-02-23 23:22:58,36.98,120.71,42.01,78,57,6.2,broken clouds,0,0.0
250,Khandyga,RU,2020-02-23 23:22:58,62.67,135.6,-3.89,97,100,3.0,light snow,0,0.25
251,Beloha,MG,2020-02-23 23:22:58,-25.17,45.05,75.29,90,100,4.85,overcast clouds,0,0.0
252,Makokou,GA,2020-02-23 23:22:58,0.57,12.86,70.74,95,100,2.68,overcast clouds,0,0.0
253,Medea,DZ,2020-02-23 23:22:58,36.26,2.75,42.8,93,20,2.24,mist,0,0.0
254,Talnakh,RU,2020-02-23 23:22:58,69.49,88.4,15.8,92,75,31.32,snow,0,0.0
255,Araouane,ML,2020-02-23 23:22:59,18.9,-3.53,79.38,10,1,16.06,clear sky,0,0.0
256,Cabo San Lucas,MX,2020-02-23 23:22:59,22.89,-109.91,78.8,53,40,11.41,scattered clouds,0,0.0
257,Komsomolskiy,UZ,2020-02-23 23:22:59,40.43,71.72,48.2,75,75,6.93,mist,0,0.0
258,Lower Hutt,NZ,2020-02-23 23:22:59,-41.22,174.92,69.01,82,50,13.87,scattered clouds,0,0.0
259,Oneonta,US,2020-02-23 23:18:42,42.45,-75.06,36.0,59,50,4.94,scattered clouds,0,0.0
260,Inza,RU,2020-02-23 23:22:59,53.85,46.36,29.5,96,100,11.36,light snow,0,1.0
261,Plettenberg Bay,ZA,2020-02-23 23:22:59,-34.05,23.37,60.75,75,6,5.06,clear sky,0,0.0
262,Richards Bay,ZA,2020-02-23 23:22:59,-28.78,32.04,72.93,71,54,20.4,light rain,0,0.0
263,Piacabucu,BR,2020-02-23 23:22:59,-10.41,-36.43,80.65,82,66,9.24,broken clouds,0,0.0
264,Kondinskoye,RU,2020-02-23 23:22:59,59.65,67.41,21.42,95,81,12.37,broken clouds,0,0.0
265,Huangchuan,CN,2020-02-23 23:22:59,32.13,115.04,57.79,73,78,2.21,broken clouds,0,0.0
266,Susanville,US,2020-02-23 23:22:59,40.42,-120.65,60.8,31,20,17.22,few clouds,0,0.0
267,Senador Jose Porfirio,BR,2020-02-23 23:22:59,-2.59,-51.95,77.61,92,98,2.68,light rain,0,0.0
268,Ancud,CL,2020-02-23 23:22:59,-41.87,-73.82,55.4,71,90,9.17,overcast clouds,0,0.0
269,Lethem,GY,2020-02-23 23:22:59,3.38,-59.8,89.85,45,36,13.06,scattered clouds,0,0.0
270,Russell,US,2020-02-23 23:22:59,32.35,-85.2,57.2,54,1,2.66,clear sky,0,0.0
271,Clyde River,CA,2020-02-23 23:23:00,70.47,-68.59,-18.4,75,90,13.87,light snow,0,0.0
272,Longyearbyen,SJ,2020-02-23 23:23:00,78.22,15.64,-2.2,77,20,8.05,few clouds,0,0.0
273,Qaqortoq,GL,2020-02-23 23:22:27,60.72,-46.03,23.0,62,100,14.99,light snow,0,0.0
274,Kjollefjord,NO,2020-02-23 23:22:05,70.95,27.35,30.2,86,90,8.05,overcast clouds,0,0.0
275,Varkaus,FI,2020-02-23 23:23:00,62.33,27.87,27.0,100,76,1.01,broken clouds,0,0.0
276,Nhulunbuy,AU,2020-02-23 23:23:00,-12.23,136.77,86.0,70,94,14.99,overcast clouds,0,0.0
277,Inverness,GB,2020-02-23 23:23:00,57.48,-4.22,36.0,86,66,5.82,broken clouds,0,0.0
278,Iskateley,RU,2020-02-23 23:23:00,67.68,53.15,28.99,85,91,26.73,overcast clouds,0,0.0
279,Sao Gabriel Da Cachoeira,BR,2020-02-23 23:23:00,-0.13,-67.09,76.59,96,99,1.81,light rain,0,0.0
280,Saraland,US,2020-02-23 23:23:00,30.82,-88.07,62.6,51,20,8.05,few clouds,0,0.0
281,Looc,PH,2020-02-23 23:23:00,12.26,121.99,77.36,83,38,17.05,scattered clouds,0,0.0
282,Ekhabi,RU,2020-02-23 23:23:00,53.51,142.97,1.24,95,5,8.75,clear sky,0,0.0
283,Hamilton,US,2020-02-23 23:22:15,39.18,-84.53,52.0,34,90,5.82,overcast clouds,0,0.0
284,Prince Rupert,CA,2020-02-23 23:21:03,54.32,-130.32,37.4,93,90,10.29,overcast clouds,0,0.0
285,Saint Pete Beach,US,2020-02-23 23:23:00,27.73,-82.74,73.99,68,1,5.82,clear sky,0,0.0
286,Filimonovo,RU,2020-02-23 23:23:00,56.2,95.46,4.71,99,74,0.92,broken clouds,0,0.0
287,Bluefield,US,2020-02-23 23:23:00,37.27,-81.22,51.8,29,75,4.7,broken clouds,0,0.0
288,Makat,KZ,2020-02-23 23:23:00,47.65,53.35,38.88,96,100,12.06,light rain,0,0.0
289,Saint-Augustin,CA,2020-02-23 23:23:00,51.23,-58.65,15.04,76,53,8.81,broken clouds,0,0.0
290,Kabelvag,NO,2020-02-23 23:19:23,68.21,14.48,33.8,80,90,27.51,overcast clouds,0,0.0
291,Mount Isa,AU,2020-02-23 23:23:01,-20.73,139.5,82.4,69,40,12.75,scattered clouds,0,0.0
292,El Dorado,US,2020-02-23 23:19:48,33.21,-92.67,53.6,93,90,5.82,light rain,0,0.0
293,Kruisfontein,ZA,2020-02-23 23:22:48,-34.0,24.73,54.19,83,0,3.49,clear sky,0,0.0
294,Wladyslawowo,PL,2020-02-23 23:23:01,54.79,18.4,37.0,93,75,13.87,broken clouds,0,0.0
295,Santa Maria,BR,2020-02-23 23:20:05,-29.68,-53.81,73.4,60,0,6.93,clear sky,0,0.0
296,Kangaatsiaq,GL,2020-02-23 23:22:53,68.31,-53.46,5.49,91,100,8.95,light snow,0,0.13
297,Husavik,IS,2020-02-23 23:23:01,66.04,-17.34,23.74,80,24,12.41,few clouds,0,0.0
298,Port Augusta,AU,2020-02-23 23:21:50,-32.5,137.77,82.0,47,0,5.95,clear sky,0,0.0
299,Palmer,US,2020-02-23 23:23:01,42.16,-72.33,48.2,38,75,3.36,broken clouds,0,0.0
300,Alofi,NU,2020-02-23 23:23:01,-19.06,-169.92,84.2,79,100,9.17,light rain,0,0.0
301,Pulandian,CN,2020-02-23 23:23:01,39.4,121.97,34.0,82,77,4.88,mist,0,0.0
302,Alice,US,2020-02-23 23:23:01,27.75,-98.07,82.4,64,90,12.75,overcast clouds,0,0.0
303,Sioux Lookout,CA,2020-02-23 23:23:01,50.1,-91.92,33.8,86,90,9.17,light shower snow,0,0.0
304,Calvinia,ZA,2020-02-23 23:23:01,-31.47,19.78,65.08,27,0,12.48,clear sky,0,0.0
305,Chiredzi,ZW,2020-02-23 23:23:01,-21.05,31.67,68.27,78,100,13.56,overcast clouds,0,0.0
306,Constitucion,CL,2020-02-23 23:23:01,-35.33,-72.42,57.15,89,82,8.7,broken clouds,0,0.0
307,Jequie,BR,2020-02-23 23:23:01,-13.86,-40.08,72.52,99,95,3.38,light rain,0,0.0
308,Yola,NG,2020-02-23 23:23:01,9.2,12.48,72.81,17,0,1.28,clear sky,0,0.0
309,Mehamn,NO,2020-02-23 23:23:01,71.04,27.85,30.2,86,90,8.05,overcast clouds,0,0.0
310,Bundaberg,AU,2020-02-23 23:22:51,-24.85,152.35,82.0,88,75,12.75,light rain,0,0.0
311,Macau,MO,2020-02-23 23:21:16,22.2,113.55,66.99,88,40,16.11,scattered clouds,0,0.0
312,Ilulissat,GL,2020-02-23 23:23:02,69.22,-51.1,-0.4,64,9,9.17,clear sky,0,0.0
313,Marzuq,YE,2020-02-23 23:23:02,14.4,46.47,58.78,22,12,3.51,few clouds,0,0.0
314,Paamiut,GL,2020-02-23 23:23:02,61.99,-49.67,14.5,57,100,2.73,overcast clouds,0,0.0
315,Douglas,US,2020-02-23 23:18:56,41.3,-96.17,57.2,70,1,10.29,clear sky,0,0.0
316,Marsh Harbour,BS,2020-02-23 23:23:02,26.54,-77.06,67.98,56,22,12.75,few clouds,0,0.0
317,Aguimes,ES,2020-02-23 23:23:02,27.91,-15.45,73.4,49,94,2.24,haze,0,0.0
318,Airai,TL,2020-02-23 23:23:02,-8.93,125.41,75.87,70,0,2.33,clear sky,0,0.0
319,Pemangkat,ID,2020-02-23 23:23:02,1.17,108.97,76.93,89,99,10.47,overcast clouds,0,0.0
320,Newton,US,2020-02-23 23:18:08,42.34,-71.21,48.2,31,1,5.82,clear sky,0,0.0
321,Fairbanks,US,2020-02-23 23:20:26,64.84,-147.72,0.0,70,40,4.7,scattered clouds,0,0.0
322,Samarai,PG,2020-02-23 23:23:02,-10.62,150.67,83.59,79,52,3.58,light rain,0,0.0
323,Ormond Beach,US,2020-02-23 23:23:02,29.29,-81.06,69.8,82,1,5.82,clear sky,0,0.0
324,Wuwei,CN,2020-02-23 23:23:02,37.93,102.64,31.91,38,13,4.56,few clouds,0,0.0
325,Laguna,US,2020-02-23 23:23:02,38.42,-121.42,69.01,62,1,3.8,clear sky,0,0.0
326,Tateyama,JP,2020-02-23 23:23:02,34.98,139.87,46.99,42,40,9.17,scattered clouds,0,0.0
327,Arlit,NE,2020-02-23 23:21:55,18.74,7.39,64.71,19,13,8.16,few clouds,0,0.0
328,Saint Augustine,US,2020-02-23 23:23:02,29.89,-81.31,66.99,82,1,10.29,clear sky,0,0.0
329,Sorland,NO,2020-02-23 23:22:05,67.67,12.69,33.8,80,90,27.51,overcast clouds,0,0.0
330,Sinnamary,GF,2020-02-23 23:23:03,5.38,-52.95,78.67,82,93,15.68,overcast clouds,0,0.0
331,Aswan,EG,2020-02-23 23:23:03,24.09,32.91,54.21,38,100,6.06,overcast clouds,0,0.0
332,Colesberg,ZA,2020-02-23 23:23:03,-30.72,25.1,55.85,56,0,6.98,clear sky,0,0.0
333,Sidi Ali,DZ,2020-02-23 23:20:51,36.1,0.42,51.84,71,0,1.9,clear sky,0,0.0
334,Kidal,ML,2020-02-23 23:23:03,18.44,1.41,73.99,15,40,17.58,scattered clouds,0,0.0
335,Tombouctou,ML,2020-02-23 23:23:03,20.0,-3.0,77.34,12,33,17.36,scattered clouds,0,0.0
336,Lata,PT,2020-02-23 23:23:03,40.16,-8.33,57.99,87,0,2.35,clear sky,0,0.0
337,Havre-Saint-Pierre,CA,2020-02-23 23:22:05,50.23,-63.6,28.4,100,90,4.7,overcast clouds,0,0.0
338,Lasa,IT,2020-02-23 23:23:03,46.62,10.7,48.2,45,5,5.82,clear sky,0,0.0
339,Sandwick,GB,2020-02-23 23:23:03,60.0,-1.25,41.0,62,75,21.92,light snow,0,0.44
340,Sarkand,KZ,2020-02-23 23:23:03,45.41,79.92,23.04,79,70,3.22,broken clouds,0,0.0
341,Grand Gaube,MU,2020-02-23 23:22:03,-20.01,57.66,73.99,94,20,4.7,few clouds,0,0.0
342,Faanui,PF,2020-02-23 23:23:03,-16.48,-151.75,83.05,72,46,12.17,scattered clouds,0,0.0
343,Starkville,US,2020-02-23 23:23:03,33.45,-88.82,55.4,62,90,4.7,overcast clouds,0,0.0
344,Srivardhan,IN,2020-02-23 23:23:03,18.03,73.02,74.21,44,0,3.89,clear sky,0,0.0
345,Kontagora,NG,2020-02-23 23:23:03,10.4,5.47,78.98,13,0,9.46,clear sky,0,0.0
346,Suhut,TR,2020-02-23 23:23:03,38.53,30.55,29.37,89,1,2.26,clear sky,0,0.0
347,Laurel,US,2020-02-23 23:18:54,39.1,-76.85,53.6,14,1,4.7,clear sky,0,0.0
348,Karpathos,GR,2020-02-23 23:23:04,35.51,27.21,55.71,67,2,10.51,clear sky,0,0.0
349,Boo,SE,2020-02-23 23:21:17,59.33,18.28,37.0,64,0,9.17,clear sky,0,0.0
350,Manuk Mangkaw,PH,2020-02-23 23:23:04,4.8,119.85,80.8,77,1,9.51,clear sky,0,0.0
351,Gat,IL,2020-02-23 23:23:03,31.61,34.76,54.0,87,66,3.36,broken clouds,0,0.0
352,Geraldton,AU,2020-02-23 23:23:04,-28.77,114.6,73.4,88,0,2.24,light rain,0,0.0
353,Superior,US,2020-02-23 23:20:00,46.72,-92.1,42.8,60,90,9.17,overcast clouds,0,0.0
354,Cidreira,BR,2020-02-23 23:23:04,-30.18,-50.21,72.73,72,3,22.95,clear sky,0,0.0
355,Wanning,CN,2020-02-23 23:23:04,18.8,110.4,70.34,90,78,5.44,light rain,0,0.0
356,Gojra,PK,2020-02-23 23:23:04,31.15,72.69,58.53,56,29,1.88,scattered clouds,0,0.0
357,Najran,SA,2020-02-23 23:23:04,17.49,44.13,68.0,37,51,0.78,broken clouds,0,0.0
358,Miguel Auza,MX,2020-02-23 23:23:04,24.29,-103.45,73.44,25,14,21.36,few clouds,0,0.0
359,Etchoropo,MX,2020-02-23 23:23:04,26.77,-109.67,73.0,47,91,8.99,overcast clouds,0,0.0
360,Wielun,PL,2020-02-23 23:23:04,51.22,18.57,39.0,90,82,5.01,light rain,0,0.0
361,Manakara,MG,2020-02-23 23:23:04,-22.13,48.02,74.75,96,80,3.09,light rain,0,0.0
362,Lincoln,US,2020-02-23 23:20:37,40.8,-96.67,55.99,34,1,6.93,clear sky,0,0.0
363,Axim,GH,2020-02-23 23:21:39,4.87,-2.24,78.89,92,91,3.06,overcast clouds,0,0.0
364,Ostrovnoy,RU,2020-02-23 23:23:04,68.05,39.51,29.7,93,100,14.52,light snow,0,0.87
365,Ambilobe,MG,2020-02-23 23:23:04,-13.2,49.05,75.78,92,90,1.77,overcast clouds,0,0.0
366,Sao Felix Do Xingu,BR,2020-02-23 23:23:05,-6.64,-51.99,74.26,95,100,1.12,light rain,0,0.0
367,Egvekinot,RU,2020-02-23 23:23:05,66.32,-179.17,-23.01,88,0,2.68,clear sky,0,0.0
368,Chissamba,AO,2020-02-23 23:23:05,-12.17,17.33,64.38,97,100,5.75,light rain,0,0.0
369,Porto Novo,BJ,2020-02-23 23:23:02,6.5,2.6,84.2,89,20,9.17,few clouds,0,0.0
370,Svetlaya,RU,2020-02-23 23:23:05,46.54,138.33,18.75,66,10,3.91,clear sky,0,0.0
371,Concepcion,CL,2020-02-23 23:23:05,-36.83,-73.05,60.8,77,0,9.17,clear sky,0,0.0
372,Pucallpa,PE,2020-02-23 23:23:05,-8.38,-74.55,35.6,100,75,4.7,broken clouds,0,0.0
373,Katherine,AU,2020-02-23 23:23:05,-14.47,132.27,84.2,74,75,10.29,broken clouds,0,0.0
374,Baruun-Urt,MN,2020-02-23 23:23:05,46.68,113.28,9.72,87,100,6.96,overcast clouds,0,0.0
375,Mocuba,MZ,2020-02-23 23:23:05,-16.84,36.99,73.49,97,94,1.57,overcast clouds,0,0.0
376,Klaksvik,FO,2020-02-23 23:23:05,62.23,-6.59,37.4,59,12,19.46,few clouds,0,0.0
377,Buzdyak,RU,2020-02-23 23:23:05,54.58,54.55,23.05,92,100,17.87,light snow,0,0.25
378,Sargur,IN,2020-02-23 23:23:05,11.98,76.42,63.25,94,84,4.7,broken clouds,0,0.0
379,Caceres,ES,2020-02-23 23:23:05,39.52,-6.37,48.99,75,0,3.87,clear sky,0,0.0
380,Peregu Mare,RO,2020-02-23 23:23:05,46.23,20.9,48.99,61,100,13.87,overcast clouds,0,0.0
381,San Jeronimo,PE,2020-02-23 23:23:05,-11.95,-75.28,48.27,84,99,0.83,moderate rain,0,0.0
382,Caravelas,BR,2020-02-23 23:23:05,-17.71,-39.25,79.88,85,100,12.44,light rain,0,0.0
383,Forestville,US,2020-02-23 23:23:05,38.85,-76.88,53.6,14,1,4.7,clear sky,0,0.0
384,Inhambane,MZ,2020-02-23 23:23:06,-23.86,35.38,77.76,78,100,27.63,light rain,0,0.0
385,Matamoros,MX,2020-02-23 23:23:06,25.53,-103.25,87.8,15,40,9.17,scattered clouds,0,0.0
386,Dingle,PH,2020-02-23 23:23:06,11.0,122.67,75.72,86,71,12.46,light rain,0,0.0
387,Deputatskiy,RU,2020-02-23 23:23:06,69.3,139.9,-20.76,94,0,3.18,clear sky,0,0.0
388,Trezzano Sul Naviglio,IT,2020-02-23 23:23:06,45.42,9.07,54.0,81,95,8.05,overcast clouds,0,0.0
389,Codrington,AU,2020-02-23 23:23:06,-38.27,141.97,62.49,89,90,14.52,overcast clouds,0,0.0
390,Xining,CN,2020-02-23 23:23:06,36.62,101.77,24.37,67,0,1.07,clear sky,0,0.0
391,Port Hedland,AU,2020-02-23 23:23:06,-20.32,118.57,80.6,74,40,3.36,scattered clouds,0,0.0
392,Soloneshnoye,RU,2020-02-23 23:23:06,51.65,84.32,10.72,94,100,2.24,light snow,0,0.13
393,Salalah,OM,2020-02-23 23:23:06,17.02,54.09,75.2,73,75,4.7,broken clouds,0,0.0
394,La Palma,US,2020-02-23 23:23:06,33.85,-118.05,69.01,52,75,8.05,broken clouds,0,0.0
395,Jinchang,CN,2020-02-23 23:23:06,38.5,102.17,29.66,32,29,5.26,scattered clouds,0,0.0
396,Pozo Colorado,PY,2020-02-23 23:23:06,-23.49,-58.8,73.29,31,6,3.24,clear sky,0,0.0
397,Xiaoshi,CN,2020-02-23 23:23:06,41.3,124.12,28.4,86,0,6.71,clear sky,0,0.0
398,Bisalpur,IN,2020-02-23 23:23:06,28.3,79.8,57.67,70,11,3.22,few clouds,0,0.0
399,Caraballeda,VE,2020-02-23 23:23:06,10.61,-66.85,73.0,89,74,8.05,broken clouds,0,0.0
400,Kamenka,RU,2020-02-23 23:23:06,51.32,42.77,34.0,97,100,7.0,snow,0,1.81
401,Loandjili,CG,2020-02-23 23:23:06,-4.76,11.86,80.6,94,20,3.36,mist,0,0.0
402,Bonnyville,CA,2020-02-23 23:23:07,54.27,-110.73,32.0,92,20,8.05,few clouds,0,0.0
403,Kysyl-Syr,RU,2020-02-23 23:23:07,63.9,122.76,-11.67,98,72,4.29,broken clouds,0,0.0
404,Cloquet,US,2020-02-23 23:23:07,46.72,-92.46,41.0,48,1,9.17,clear sky,0,0.0
405,Shahi,IN,2020-02-23 23:23:07,28.55,79.32,57.76,75,0,1.81,clear sky,0,0.0
406,Abu Dhabi,AE,2020-02-23 23:20:07,24.47,54.37,73.4,78,43,2.24,scattered clouds,0,0.0
407,Blackpool,GB,2020-02-23 23:23:07,53.82,-3.05,42.01,86,90,6.93,overcast clouds,0,0.0
408,Gamba,GA,2020-02-23 23:23:07,-2.65,10.0,77.59,93,86,3.65,light rain,0,0.0
409,Aginskoye,RU,2020-02-23 23:23:07,51.1,114.53,4.03,84,0,6.02,clear sky,0,0.0
410,Ramsar,IR,2020-02-23 23:23:07,36.92,50.64,47.25,81,0,2.24,clear sky,0,0.0
411,Gillette,US,2020-02-23 23:23:07,44.29,-105.5,42.8,52,1,20.8,clear sky,0,0.0
412,Oranjemund,NA,2020-02-23 23:23:07,-28.55,16.43,70.86,48,0,2.42,clear sky,0,0.0
413,Port Blair,IN,2020-02-23 23:18:16,11.67,92.75,75.2,88,40,5.82,mist,0,0.0
414,Doha,QA,2020-02-23 23:23:07,25.29,51.53,71.01,94,20,5.82,mist,0,0.0
415,Siva,EG,2020-02-23 23:23:07,29.2,25.52,50.9,65,18,12.3,few clouds,0,0.0
416,Bloomingdale,US,2020-02-23 23:21:18,27.89,-82.24,73.99,56,1,5.82,clear sky,0,0.0
417,Osypenko,UA,2020-02-23 23:23:07,46.91,36.83,39.61,91,100,17.74,light rain,0,0.0
418,San Andres,CO,2020-02-23 23:18:15,12.58,-81.7,82.4,74,75,11.41,broken clouds,0,0.0
419,Mairwa,IN,2020-02-23 23:23:08,26.23,84.15,61.39,81,0,2.57,clear sky,0,0.0
420,Phayao,TH,2020-02-23 23:23:08,19.25,100.25,61.72,62,0,2.62,clear sky,0,0.0
421,Mersin,TR,2020-02-23 23:23:08,36.86,34.65,51.8,81,75,4.7,broken clouds,0,0.0
422,Amurzet,RU,2020-02-23 23:23:08,47.7,131.1,17.71,94,100,5.37,light snow,0,0.5
423,Zhigansk,RU,2020-02-23 23:22:01,66.77,123.37,-10.12,94,100,13.76,overcast clouds,0,0.0
424,Bustamante,MX,2020-02-23 23:23:08,26.53,-100.5,77.76,42,28,9.53,scattered clouds,0,0.0
425,Strunino,RU,2020-02-23 23:23:08,56.38,38.57,32.61,97,80,10.74,light snow,0,0.13
426,Itarema,BR,2020-02-23 23:23:08,-2.92,-39.92,80.6,94,22,6.93,few clouds,0,0.0
427,Vila Franca Do Campo,PT,2020-02-23 23:23:08,37.72,-25.43,57.2,87,40,2.24,scattered clouds,0,0.0
428,Strezhevoy,RU,2020-02-23 23:23:08,60.73,77.59,14.0,78,86,8.95,overcast clouds,0,0.0
429,Salta,AR,2020-02-23 23:23:08,-24.79,-65.41,62.6,77,40,4.7,scattered clouds,0,0.0
430,Ayan,RU,2020-02-23 23:23:08,56.45,138.17,5.11,77,0,4.59,clear sky,0,0.0
431,Ostersund,SE,2020-02-23 23:23:08,63.18,14.64,28.0,79,0,14.99,clear sky,0,0.0
432,Lubao,PH,2020-02-23 23:23:08,14.92,120.55,78.8,83,75,4.7,broken clouds,0,0.0
433,Palma,ES,2020-02-23 23:23:08,39.57,2.65,52.0,93,0,3.36,clear sky,0,0.0
434,Koutsouras,GR,2020-02-23 23:23:09,35.03,25.95,51.53,73,3,11.7,clear sky,0,0.0
435,Gap,FR,2020-02-23 23:23:09,44.67,6.0,50.0,56,0,1.01,clear sky,0,0.0
436,Nemuro,JP,2020-02-23 23:23:09,43.32,145.57,26.82,63,30,24.49,scattered clouds,0,0.0
437,Buala,SB,2020-02-23 23:23:09,-8.14,159.59,85.44,67,5,3.71,light rain,0,0.0
438,Kerkini,GR,2020-02-23 23:23:09,41.22,23.08,46.99,78,49,1.66,scattered clouds,0,0.0
439,Shaturtorf,RU,2020-02-23 23:23:09,55.57,39.42,31.96,89,36,9.06,scattered clouds,0,0.0
440,Sumenep,ID,2020-02-23 23:23:09,-7.02,113.87,80.53,81,32,5.53,scattered clouds,0,0.0
441,Barisal,BD,2020-02-23 23:19:22,22.7,90.37,65.77,69,0,3.24,clear sky,0,0.0
442,Soverato,IT,2020-02-23 23:23:09,38.69,16.55,57.2,82,75,14.99,broken clouds,0,0.0
443,Rotterdam,NL,2020-02-23 23:22:28,51.92,4.48,45.0,70,66,9.17,broken clouds,0,0.0
444,Awassa,ET,2020-02-23 23:23:09,7.05,38.47,59.14,49,30,4.63,scattered clouds,0,0.0
445,Maltahohe,NA,2020-02-23 23:23:09,-24.83,16.98,68.99,70,35,5.19,scattered clouds,0,0.0
446,Skelleftea,SE,2020-02-23 23:23:09,64.75,20.95,34.0,60,33,25.28,scattered clouds,0,0.0
447,Olafsvik,IS,2020-02-23 23:22:31,64.89,-23.71,32.13,95,100,4.94,snow,0,1.88
448,Vao,NC,2020-02-23 23:23:09,-22.67,167.48,78.49,72,51,12.93,broken clouds,0,0.0
449,Kampot,KH,2020-02-23 23:23:09,10.62,104.18,78.8,69,14,6.93,few clouds,0,0.0
450,Puerto Asis,CO,2020-02-23 23:23:09,0.51,-76.5,75.2,94,75,4.7,broken clouds,0,0.0
451,Tahoua,NE,2020-02-23 23:23:10,14.89,5.27,73.56,14,0,19.26,clear sky,0,0.0
452,Mamallapuram,IN,2020-02-23 23:23:10,12.63,80.17,79.0,88,20,3.13,mist,0,0.0
453,Pisco,PE,2020-02-23 23:23:10,-13.7,-76.22,75.0,30,75,5.82,broken clouds,0,0.0
454,Bambous Virieux,MU,2020-02-23 23:23:10,-20.34,57.76,73.99,94,20,4.7,few clouds,0,0.0
455,Carutapera,BR,2020-02-23 23:23:10,-1.2,-46.02,82.02,82,75,14.58,broken clouds,0,0.0
456,Valparaiso,CL,2020-02-23 23:22:37,-33.04,-71.63,66.2,77,2,8.05,clear sky,0,0.0
457,Oranzherei,RU,2020-02-23 23:19:48,45.85,47.57,37.4,90,90,11.18,overcast clouds,0,0.0
458,Iwaki,JP,2020-02-23 23:23:10,37.05,140.88,46.99,100,75,9.17,broken clouds,0,0.0
459,Poltava,UA,2020-02-23 23:23:10,49.59,34.54,37.13,93,100,9.6,light rain,0,0.0
460,Taseyevo,RU,2020-02-23 23:23:10,57.22,94.9,9.81,96,100,2.24,overcast clouds,0,0.0
461,Ingham,US,2020-02-23 23:23:10,42.6,-84.38,48.2,86,1,10.29,clear sky,0,0.0
462,Ondjiva,AO,2020-02-23 23:23:10,-17.07,15.73,69.17,54,93,7.09,overcast clouds,0,0.0
463,Olinda,BR,2020-02-23 23:23:10,-8.01,-34.86,84.2,74,40,9.17,scattered clouds,0,0.0
464,Tiznit,MA,2020-02-23 23:23:10,29.58,-9.5,64.81,16,77,15.9,broken clouds,0,0.0
465,Thayetmyo,MM,2020-02-23 23:23:10,19.32,95.18,64.4,46,0,0.89,clear sky,0,0.0
466,Namatanai,PG,2020-02-23 23:23:10,-3.67,152.43,85.41,72,43,8.93,light rain,0,0.0
467,Santa Cruz De Tenerife,ES,2020-02-23 23:23:10,28.47,-16.25,73.0,45,100,18.34,haze,0,0.0
468,San Pedro,PH,2020-02-23 23:23:10,14.35,121.02,78.8,78,20,2.24,few clouds,0,0.0
469,Vestmannaeyjar,IS,2020-02-23 23:23:11,63.44,-20.27,39.76,74,100,30.27,snow,0,1.56
470,Fortuna,US,2020-02-23 23:19:39,40.6,-124.16,54.0,93,90,10.29,light rain,0,0.0
471,Fuyu,CN,2020-02-23 23:23:11,45.18,124.82,13.23,85,0,6.76,clear sky,0,0.0
472,Kloulklubed,PW,2020-02-23 23:22:49,7.04,134.26,82.4,78,75,12.75,broken clouds,0,0.0
473,Vanimo,PG,2020-02-23 23:23:11,-2.67,141.3,82.17,77,74,7.61,light rain,0,0.0
474,Neuquen,AR,2020-02-23 23:23:11,-38.95,-68.06,86.0,37,18,3.36,few clouds,0,0.0
475,Antofagasta,CL,2020-02-23 23:22:58,-23.65,-70.4,69.8,73,20,9.17,few clouds,0,0.0
476,Yumen,CN,2020-02-23 23:23:11,40.28,97.2,25.52,53,16,9.15,few clouds,0,0.0
477,Casino,AU,2020-02-23 23:23:11,-28.87,153.05,71.6,88,100,5.82,moderate rain,0,0.0
478,Mattru,SL,2020-02-23 23:23:11,7.62,-11.83,77.86,86,18,1.16,few clouds,0,0.0
479,Severodvinsk,RU,2020-02-23 23:23:11,64.56,39.83,33.8,86,90,8.95,overcast clouds,0,0.0
480,Toora-Khem,RU,2020-02-23 23:23:11,52.47,96.11,5.56,97,96,1.9,overcast clouds,0,0.0
481,Annau,TM,2020-02-23 23:23:11,37.89,58.52,46.4,93,0,4.7,mist,0,0.0
482,Coahuayana,MX,2020-02-23 23:23:11,18.73,-103.68,84.2,62,20,11.41,few clouds,0,0.0
483,San Ramon De La Nueva Oran,AR,2020-02-23 23:23:11,-23.13,-64.33,73.99,75,76,2.37,broken clouds,0,0.0
484,Muravlenko,RU,2020-02-23 23:23:11,63.79,74.52,26.67,88,100,24.07,overcast clouds,0,0.0
485,Markova,UA,2020-02-23 23:23:11,48.68,24.41,40.01,85,87,23.02,moderate rain,0,0.0
486,Pacifica,US,2020-02-23 23:20:23,37.61,-122.49,66.99,71,40,20.8,scattered clouds,0,0.0
487,Uige,AO,2020-02-23 23:23:11,-7.61,15.06,68.67,89,100,3.33,overcast clouds,0,0.0
488,Aosta,IT,2020-02-23 23:22:11,45.77,7.42,48.0,81,99,4.7,overcast clouds,0,0.0
489,Kayerkan,RU,2020-02-23 23:23:12,69.35,87.76,15.8,92,75,31.32,snow,0,0.0
490,Antalaha,MG,2020-02-23 23:23:12,-14.9,50.28,77.67,90,100,7.31,moderate rain,0,0.0
491,Isangel,VU,2020-02-23 23:23:12,-19.55,169.27,84.2,66,75,9.17,broken clouds,0,0.0
492,Puerto Leguizamo,CO,2020-02-23 23:23:12,-0.19,-74.78,74.53,98,100,1.81,light rain,0,0.0
493,Ginda,IN,2020-02-23 23:23:12,30.69,78.49,40.3,64,0,6.02,clear sky,0,0.0
494,Zhaotong,CN,2020-02-23 23:23:12,27.32,103.72,43.0,85,0,4.63,clear sky,0,0.0
495,Ladario,BR,2020-02-23 23:23:12,-19.0,-57.6,82.4,69,95,2.39,overcast clouds,0,0.0
496,Jacksonville,US,2020-02-23 23:18:45,30.33,-81.66,66.2,52,75,6.93,broken clouds,0,0.0
497,Shimoda,JP,2020-02-23 23:23:12,34.67,138.95,51.8,62,75,2.24,broken clouds,0,0.0
498,Valleyview,CA,2020-02-23 23:23:12,55.07,-117.29,25.75,89,63,3.47,broken clouds,0,0.0
499,Den Helder,NL,2020-02-23 23:23:12,52.96,4.76,44.6,75,75,16.11,broken clouds,0,0.0
500,Marawi,PH,2020-02-23 23:23:12,8.0,124.29,73.99,87,32,7.0,scattered clouds,0,0.0
501,Batagay,RU,2020-02-23 23:23:12,67.63,134.63,-16.31,94,71,3.8,broken clouds,0,0.0
502,Ixtapa,MX,2020-02-23 23:21:39,20.7,-105.2,78.8,78,40,13.87,scattered clouds,0,0.0
503,Moose Factory,CA,2020-02-23 23:23:12,51.26,-80.61,15.8,78,75,14.99,broken clouds,0,0.0
504,Matara,LK,2020-02-23 23:23:12,5.95,80.54,71.8,89,100,6.13,overcast clouds,0,0.0
505,Ust-Nera,RU,2020-02-23 23:23:12,64.57,143.2,-24.36,97,100,3.13,overcast clouds,0,0.0
506,Kavaratti,IN,2020-02-23 23:19:06,10.57,72.64,81.57,70,90,5.03,overcast clouds,0,0.0
507,Katsina,NG,2020-02-23 23:23:13,12.99,7.6,71.31,15,0,15.88,clear sky,0,0.0
508,Alenquer,BR,2020-02-23 23:23:13,-1.94,-54.74,78.8,88,75,2.24,broken clouds,0,0.0
509,Northam,GB,2020-02-23 23:23:13,51.03,-4.22,48.0,100,75,3.36,light intensity drizzle rain,0,0.0
510,Lubango,AO,2020-02-23 23:23:13,-14.92,13.49,59.94,87,53,5.77,broken clouds,0,0.0
511,Sabang,ID,2020-02-23 23:23:13,5.89,95.32,82.09,77,0,25.39,clear sky,0,0.0
512,Mackenzie,CA,2020-02-23 23:23:13,55.3,-123.17,24.8,58,1,9.17,clear sky,0,0.0
513,Trat,TH,2020-02-23 23:23:13,12.5,102.5,78.01,51,45,5.17,scattered clouds,0,0.0
514,Krasnoselkup,RU,2020-02-23 23:23:13,65.7,82.47,25.2,88,100,21.41,light snow,0,0.13
515,Sur,OM,2020-02-23 23:23:13,22.57,59.53,69.84,58,6,3.67,clear sky,0,0.0
516,Leeston,NZ,2020-02-23 23:19:59,-43.77,172.3,78.01,49,17,23.04,few clouds,0,0.0
517,Sozimskiy,RU,2020-02-23 23:23:13,59.74,52.25,25.14,91,100,14.43,light snow,0,0.44
518,Broome,US,2020-02-23 23:22:43,42.25,-75.83,42.8,26,1,4.7,clear sky,0,0.0
519,Polovinnoye,RU,2020-02-23 23:23:13,54.79,65.99,7.92,97,48,8.43,scattered clouds,0,0.0
520,Bellefontaine,US,2020-02-23 23:22:59,40.36,-83.76,48.2,52,1,11.41,clear sky,0,0.0
521,Anan,JP,2020-02-23 23:23:13,33.92,134.65,39.2,69,0,8.05,clear sky,0,0.0
522,Ternate,ID,2020-02-23 23:23:13,0.8,127.4,79.81,77,94,1.97,overcast clouds,0,0.0
523,Ondangwa,NA,2020-02-23 23:23:13,-17.92,15.95,78.8,69,86,2.24,overcast clouds,0,0.0
524,Morgan City,US,2020-02-23 23:23:13,29.7,-91.21,66.99,72,40,10.29,scattered clouds,0,0.0
525,Kyren,RU,2020-02-23 23:23:13,51.68,102.14,4.24,97,100,0.89,light snow,0,0.38
526,Ballina,AU,2020-02-23 23:23:13,-28.87,153.57,71.6,100,100,5.82,moderate rain,0,0.0
527,Emerald,AU,2020-02-23 23:23:14,-23.53,148.17,78.8,83,90,14.99,overcast clouds,0,0.0
528,Harper,LR,2020-02-23 23:23:14,4.38,-7.72,78.4,94,88,3.49,overcast clouds,0,0.0
529,Uspenskaya,RU,2020-02-23 23:23:14,45.76,41.07,41.74,78,100,16.42,overcast clouds,0,0.0
530,Yaring,TH,2020-02-23 23:23:14,6.87,101.37,79.54,82,47,22.55,scattered clouds,0,0.0
531,San Juan,AR,2020-02-23 23:23:09,-31.54,-68.54,80.47,31,0,12.15,clear sky,0,0.0
532,Palora,EC,2020-02-23 23:23:14,-1.7,-77.93,71.6,88,75,3.36,broken clouds,0,0.0
533,Dodge City,US,2020-02-23 23:18:33,37.75,-100.02,55.0,81,90,19.46,overcast clouds,0,0.0
534,Chiang Kham,TH,2020-02-23 23:23:14,19.52,100.3,60.8,93,0,2.06,clear sky,0,0.0
535,Raudeberg,NO,2020-02-23 23:23:14,61.99,5.14,37.4,64,99,13.87,light snow,0,0.25
536,Oxford,GB,2020-02-23 23:23:14,51.75,-1.26,46.4,81,100,4.7,overcast clouds,0,0.0
537,Tupik,RU,2020-02-23 23:23:14,54.43,119.93,-2.56,91,22,2.95,few clouds,0,0.0
538,Rafai,CF,2020-02-23 23:23:14,4.95,23.92,71.28,20,4,2.39,clear sky,0,0.0
539,Ancona,IT,2020-02-23 23:23:14,43.55,13.17,57.0,70,64,4.7,broken clouds,0,0.0
540,Katsuura,JP,2020-02-23 23:23:14,35.13,140.3,46.99,42,40,9.17,scattered clouds,0,0.0
541,Puri,IN,2020-02-23 23:23:14,19.8,85.85,66.2,93,0,3.0,mist,0,0.0
542,Taitung,TW,2020-02-23 23:23:15,22.76,121.14,64.4,88,75,3.36,shower rain,0,0.0
543,Tezu,IN,2020-02-23 23:23:15,27.92,96.17,57.72,61,31,0.78,light rain,0,0.0
544,Kostomuksha,RU,2020-02-23 23:23:15,64.57,30.58,25.02,88,89,11.48,overcast clouds,0,0.0
545,Las Cruces,US,2020-02-23 23:23:15,32.31,-106.78,60.8,28,1,29.97,clear sky,0,0.0
546,Kattivakkam,IN,2020-02-23 23:23:15,13.22,80.32,79.0,88,20,8.25,mist,0,0.0
547,Nome,US,2020-02-23 23:22:33,64.5,-165.41,5.0,77,90,10.29,light snow,0,0.0
548,Hailar,CN,2020-02-23 23:23:15,49.2,119.7,1.63,94,0,4.74,clear sky,0,0.0
549,Nalut,LY,2020-02-23 23:23:15,30.33,10.85,48.87,57,0,7.72,clear sky,0,0.0
550,Iracoubo,GF,2020-02-23 23:23:15,5.48,-53.2,78.67,82,93,15.68,overcast clouds,0,0.0
551,Tabuk,PH,2020-02-23 23:23:15,17.42,121.44,69.94,90,95,1.86,overcast clouds,0,0.0
552,Moindou,NC,2020-02-23 23:23:15,-21.69,165.68,86.0,48,20,3.36,few clouds,0,0.0
553,Rawson,AR,2020-02-23 23:23:15,-43.3,-65.1,61.32,84,0,14.23,clear sky,0,0.0
554,Korla,CN,2020-02-23 23:23:15,41.76,86.15,28.6,42,100,6.38,overcast clouds,0,0.0
555,Songling,CN,2020-02-23 23:23:15,31.19,120.72,62.01,81,87,6.71,overcast clouds,0,0.0
556,Chavakkad,IN,2020-02-23 23:23:15,10.53,76.05,77.0,88,5,1.12,mist,0,0.0
557,Thongwa,MM,2020-02-23 23:23:15,16.76,96.53,73.4,88,40,2.24,mist,0,0.0
558,Camacupa,AO,2020-02-23 23:19:30,-12.02,17.48,64.38,97,100,5.75,light rain,0,0.0
559,Mao,ES,2020-02-23 23:23:15,39.89,4.27,48.2,100,0,5.82,fog,0,0.0
560,Chipata,ZM,2020-02-23 23:23:16,-13.63,32.65,69.24,96,99,1.48,moderate rain,0,0.0
561,Puerto Escondido,MX,2020-02-23 23:23:16,15.85,-97.07,86.0,84,40,11.41,scattered clouds,0,0.0
562,Suffolk,US,2020-02-23 23:20:02,40.87,-72.8,48.0,60,1,8.05,clear sky,0,0.0
563,Faya,SA,2020-02-23 23:22:34,18.39,42.45,60.8,54,54,4.7,broken clouds,0,0.0
564,Vieques,PR,2020-02-23 23:18:13,18.43,-65.83,78.01,78,75,3.36,heavy intensity rain,0,0.0
565,Biltine,TD,2020-02-23 23:23:16,14.53,20.92,64.29,22,0,9.71,clear sky,0,0.0
